Date,Month,Year,yearmonth,monthyear,Period,yearPeriod,BP_Price,Average_Price,Sales,Inflation,Facebook_Spend,Employment,Amazon_Spend,Instacart_Spend
29/03/2021,3,2021,202103,32021,4,20214,3.19,3.205,22.22,0.5,2601,6.1,42.03571429,0
30/03/2021,3,2021,202103,32021,4,20214,3.19,3.205,22.22,0.5,2601,6.1,42.03571429,0
31/03/2021,3,2021,202103,32021,4,20214,3.19,3.205,22.22,0.5,2601,6.1,42.03571429,0
1/4/2021,4,2021,202104,42021,4,20214,3.19,3.205,22.22,0.7,2601,6.1,42.03571429,0
2/4/2021,4,2021,202104,42021,4,20214,3.19,3.205,22.22,0.7,2601,6.1,42.03571429,0
3/4/2021,4,2021,202104,42021,4,20214,3.19,3.205,22.22,0.7,2601,6.1,42.03571429,0
4/4/2021,4,2021,202104,42021,4,20214,3.19,3.205,22.22,0.7,2601,6.1,42.03571429,0
5/4/2021,4,2021,202104,42021,4,20214,3.02,3.2125,22.22,0.7,2601,6.1,42.03571429,0
6/4/2021,4,2021,202104,42021,4,20214,3.02,3.2125,22.22,0.7,2601,6.1,42.03571429,0
7/4/2021,4,2021,202104,42021,4,20214,3.02,3.2125,22.22,0.7,2601,6.1,42.03571429,0
8/4/2021,4,2021,202104,42021,4,20214,3.02,3.2125,22.22,0.7,2601,6.1,42.03571429,0
9/4/2021,4,2021,202104,42021,4,20214,3.02,3.2125,22.22,0.7,2601,6.1,42.03571429,0
10/4/2021,4,2021,202104,42021,4,20214,3.02,3.2125,22.22,0.7,2601,6.1,42.03571429,0
11/4/2021,4,2021,202104,42021,4,20214,3.02,3.2125,22.22,0.7,2601,6.1,42.03571429,0
12/4/2021,4,2021,202104,42021,4,20214,2.91,3.3,22.22,0.7,2601,6.1,42.03571429,0
13/04/2021,4,2021,202104,42021,4,20214,2.91,3.3,22.22,0.7,2601,6.1,42.03571429,0
14/04/2021,4,2021,202104,42021,4,20214,2.91,3.3,22.22,0.7,2601,6.1,42.03571429,0
15/04/2021,4,2021,202104,42021,4,20214,2.91,3.3,22.22,0.7,2601,6.1,42.03571429,0
16/04/2021,4,2021,202104,42021,4,20214,2.91,3.3,22.22,0.7,2601,6.1,42.03571429,0
17/04/2021,4,2021,202104,42021,4,20214,2.91,3.3,22.22,0.7,2601,6.1,42.03571429,0
18/04/2021,4,2021,202104,42021,4,20214,2.91,3.3,22.22,0.7,2601,6.1,42.03571429,0
19/04/2021,4,2021,202104,42021,4,20214,3.1,3.3625,22.22,0.7,2601,6.1,42.03571429,0
20/04/2021,4,2021,202104,42021,4,20214,3.1,3.3625,22.22,0.7,2601,6.1,42.03571429,0
21/04/2021,4,2021,202104,42021,4,20214,3.1,3.3625,22.22,0.7,2601,6.1,42.03571429,0
22/04/2021,4,2021,202104,42021,4,20214,3.1,3.3625,18.4,0.7,2601,6.1,42.03571429,0
23/04/2021,4,2021,202104,42021,4,20214,3.1,3.3625,18.4,0.7,2601,6.1,42.03571429,0
24/04/2021,4,2021,202104,42021,4,20214,3.1,3.3625,18.4,0.7,2601,6.1,42.03571429,0
25/04/2021,4,2021,202104,42021,5,20215,3.1,3.3625,18.4,0.7,3145.214286,6.1,36.25,0
26/04/2021,4,2021,202104,42021,5,20215,3.25,3.435,18.4,0.7,3145.214286,6.1,36.25,0
27/04/2021,4,2021,202104,42021,5,20215,3.25,3.435,18.4,0.7,3145.214286,6.1,36.25,0
28/04/2021,4,2021,202104,42021,5,20215,3.25,3.435,18.4,0.7,3145.214286,6.1,36.25,0
29/04/2021,4,2021,202104,42021,5,20215,3.25,3.435,18.4,0.7,3145.214286,6.1,36.25,0
30/04/2021,4,2021,202104,42021,5,20215,3.25,3.435,18.4,0.7,3145.214286,6.1,36.25,0
1/5/2021,5,2021,202105,52021,5,20215,3.25,3.435,18.4,0.7,3145.214286,5.8,36.25,0
2/5/2021,5,2021,202105,52021,5,20215,3.25,3.435,18.4,0.7,3145.214286,5.8,36.25,0
3/5/2021,5,2021,202105,52021,5,20215,2.72,3.26,18.4,0.7,3145.214286,5.8,36.25,0
4/5/2021,5,2021,202105,52021,5,20215,2.72,3.26,18.4,0.7,3145.214286,5.8,36.25,0
5/5/2021,5,2021,202105,52021,5,20215,2.72,3.26,18.4,0.7,3145.214286,5.8,36.25,0
6/5/2021,5,2021,202105,52021,5,20215,2.72,3.26,18.4,0.7,3145.214286,5.8,36.25,0
7/5/2021,5,2021,202105,52021,5,20215,2.72,3.26,18.4,0.7,3145.214286,5.8,36.25,0
8/5/2021,5,2021,202105,52021,5,20215,2.72,3.26,18.4,0.7,3145.214286,5.8,36.25,0
9/5/2021,5,2021,202105,52021,5,20215,2.72,3.26,18.4,0.7,3145.214286,5.8,36.25,0
10/5/2021,5,2021,202105,52021,5,20215,2.55,3.17,18.4,0.7,3145.214286,5.8,36.25,0
11/5/2021,5,2021,202105,52021,5,20215,2.55,3.17,18.4,0.7,3145.214286,5.8,36.25,0
12/5/2021,5,2021,202105,52021,5,20215,2.55,3.17,18.4,0.7,3145.214286,5.8,36.25,0
13/05/2021,5,2021,202105,52021,5,20215,2.55,3.17,18.4,0.7,3145.214286,5.8,36.25,0
14/05/2021,5,2021,202105,52021,5,20215,2.55,3.17,18.4,0.7,3145.214286,5.8,36.25,0
15/05/2021,5,2021,202105,52021,5,20215,2.55,3.17,18.4,0.7,3145.214286,5.8,36.25,0
16/05/2021,5,2021,202105,52021,5,20215,2.55,3.17,18.4,0.7,3145.214286,5.8,36.25,0
17/05/2021,5,2021,202105,52021,5,20215,2.55,3.22,18.4,0.7,3145.214286,5.8,36.25,0
18/05/2021,5,2021,202105,52021,5,20215,2.55,3.22,18.4,0.7,3145.214286,5.8,36.25,0
19/05/2021,5,2021,202105,52021,5,20215,2.55,3.22,18.4,0.7,3145.214286,5.8,36.25,0
20/05/2021,5,2021,202105,52021,5,20215,2.55,3.22,18.4,0.7,3145.214286,5.8,36.25,0
21/05/2021,5,2021,202105,52021,5,20215,2.55,3.22,18.4,0.7,3145.214286,5.8,36.25,0
22/05/2021,5,2021,202105,52021,5,20215,2.55,3.22,18.4,0.7,3145.214286,5.8,36.25,0
23/05/2021,5,2021,202105,52021,6,20216,2.55,3.22,18.4,0.7,3329.992857,5.8,36.25,0
24/05/2021,5,2021,202105,52021,6,20216,2.55,3.33,18.4,0.7,3329.992857,5.8,36.25,0
25/05/2021,5,2021,202105,52021,6,20216,2.55,3.33,18.4,0.7,3329.992857,5.8,36.25,0
26/05/2021,5,2021,202105,52021,6,20216,2.55,3.33,18.4,0.7,3329.992857,5.8,36.25,0
27/05/2021,5,2021,202105,52021,6,20216,2.55,3.33,18.4,0.7,3329.992857,5.8,36.25,0
28/05/2021,5,2021,202105,52021,6,20216,2.55,3.33,18.4,0.7,3329.992857,5.8,36.25,0
29/05/2021,5,2021,202105,52021,6,20216,2.55,3.33,18.4,0.7,3329.992857,5.8,36.25,0
30/05/2021,5,2021,202105,52021,6,20216,2.55,3.33,18.4,0.7,3329.992857,5.8,36.25,0
31/05/2021,5,2021,202105,52021,6,20216,2.56,3.2125,18.4,0.7,3329.992857,5.8,36.25,0
1/6/2021,6,2021,202106,62021,6,20216,2.56,3.2125,18.4,0.8,3329.992857,5.9,36.25,0
2/6/2021,6,2021,202106,62021,6,20216,2.56,3.2125,18.4,0.8,3329.992857,5.9,36.25,0
3/6/2021,6,2021,202106,62021,6,20216,2.56,3.2125,18.4,0.8,3329.992857,5.9,36.25,0
4/6/2021,6,2021,202106,62021,6,20216,2.56,3.2125,18.4,0.8,3329.992857,5.9,36.25,0
5/6/2021,6,2021,202106,62021,6,20216,2.56,3.2125,18.4,0.8,3329.992857,5.9,36.25,0
6/6/2021,6,2021,202106,62021,6,20216,2.56,3.2125,18.4,0.8,3329.992857,5.9,36.25,0
7/6/2021,6,2021,202106,62021,6,20216,3,3.17,18.4,0.8,3329.992857,5.9,36.25,0
8/6/2021,6,2021,202106,62021,6,20216,3,3.17,18.4,0.8,3329.992857,5.9,36.25,0
9/6/2021,6,2021,202106,62021,6,20216,3,3.17,18.4,0.8,3329.992857,5.9,36.25,0
10/6/2021,6,2021,202106,62021,6,20216,3,3.17,18.4,0.8,3329.992857,5.9,36.25,0
11/6/2021,6,2021,202106,62021,6,20216,3,3.17,18.4,0.8,3329.992857,5.9,36.25,0
12/6/2021,6,2021,202106,62021,6,20216,3,3.17,18.4,0.8,3329.992857,5.9,36.25,0
13/06/2021,6,2021,202106,62021,6,20216,3,3.17,18.4,0.8,3329.992857,5.9,36.25,0
14/06/2021,6,2021,202106,62021,6,20216,3.23,3.2975,18.4,0.8,3329.992857,5.9,36.25,0
15/06/2021,6,2021,202106,62021,6,20216,3.23,3.2975,18.4,0.8,3329.992857,5.9,36.25,0
16/06/2021,6,2021,202106,62021,6,20216,3.23,3.2975,18.4,0.8,3329.992857,5.9,36.25,0
17/06/2021,6,2021,202106,62021,6,20216,3.23,3.2975,18.4,0.8,3329.992857,5.9,36.25,0
18/06/2021,6,2021,202106,62021,6,20216,3.23,3.2975,18.4,0.8,3329.992857,5.9,36.25,0
19/06/2021,6,2021,202106,62021,6,20216,3.23,3.2975,18.4,0.8,3329.992857,5.9,36.25,0
20/06/2021,6,2021,202106,62021,7,20217,3.23,3.2975,18.4,0.8,2401.312143,5.9,40.71428571,0
21/06/2021,6,2021,202106,62021,7,20217,3.24,3.305,18.4,0.8,2401.312143,5.9,40.71428571,0
22/06/2021,6,2021,202106,62021,7,20217,3.24,3.305,18.4,0.8,2401.312143,5.9,40.71428571,0
23/06/2021,6,2021,202106,62021,7,20217,3.24,3.305,18.4,0.8,2401.312143,5.9,40.71428571,0
24/06/2021,6,2021,202106,62021,7,20217,3.24,3.305,18.4,0.8,2401.312143,5.9,40.71428571,0
25/06/2021,6,2021,202106,62021,7,20217,3.24,3.305,18.4,0.8,2401.312143,5.9,40.71428571,0
26/06/2021,6,2021,202106,62021,7,20217,3.24,3.305,18.4,0.8,2401.312143,5.9,40.71428571,0
27/06/2021,6,2021,202106,62021,7,20217,3.24,3.305,18.4,0.8,2401.312143,5.9,40.71428571,0
28/06/2021,6,2021,202106,62021,7,20217,2.63,3.1575,18.4,0.8,2401.312143,5.9,40.71428571,0
29/06/2021,6,2021,202106,62021,7,20217,2.63,3.1575,18.4,0.8,2401.312143,5.9,40.71428571,0
30/06/2021,6,2021,202106,62021,7,20217,2.63,3.1575,18.4,0.8,2401.312143,5.9,40.71428571,0
1/7/2021,7,2021,202107,72021,7,20217,2.63,3.1575,1.03,0.4,2401.312143,5.4,40.71428571,0
2/7/2021,7,2021,202107,72021,7,20217,2.63,3.1575,1.03,0.4,2401.312143,5.4,40.71428571,0
3/7/2021,7,2021,202107,72021,7,20217,2.63,3.1575,1.03,0.4,2401.312143,5.4,40.71428571,0
4/7/2021,7,2021,202107,72021,7,20217,2.63,3.1575,1.03,0.4,2401.312143,5.4,40.71428571,0
5/7/2021,7,2021,202107,72021,7,20217,2.51,3.315,1.03,0.4,2401.312143,5.4,40.71428571,0
6/7/2021,7,2021,202107,72021,7,20217,2.51,3.315,1.03,0.4,2401.312143,5.4,40.71428571,0
7/7/2021,7,2021,202107,72021,7,20217,2.51,3.315,1.03,0.4,2401.312143,5.4,40.71428571,0
8/7/2021,7,2021,202107,72021,7,20217,2.51,3.315,1.03,0.4,2401.312143,5.4,40.71428571,0
9/7/2021,7,2021,202107,72021,7,20217,2.51,3.315,1.03,0.4,2401.312143,5.4,40.71428571,0
10/7/2021,7,2021,202107,72021,7,20217,2.51,3.315,1.03,0.4,2401.312143,5.4,40.71428571,0
11/7/2021,7,2021,202107,72021,7,20217,2.51,3.315,1.03,0.4,2401.312143,5.4,40.71428571,0
12/7/2021,7,2021,202107,72021,7,20217,2.52,3.5575,1.03,0.4,2401.312143,5.4,40.71428571,0
13/07/2021,7,2021,202107,72021,7,20217,2.52,3.5575,1.03,0.4,2401.312143,5.4,40.71428571,0
14/07/2021,7,2021,202107,72021,7,20217,2.52,3.5575,1.03,0.4,2401.312143,5.4,40.71428571,0
15/07/2021,7,2021,202107,72021,7,20217,2.52,3.5575,1.03,0.4,2401.312143,5.4,40.71428571,0
16/07/2021,7,2021,202107,72021,7,20217,2.52,3.5575,1.03,0.4,2401.312143,5.4,40.71428571,0
17/07/2021,7,2021,202107,72021,7,20217,2.52,3.5575,1.03,0.4,2401.312143,5.4,40.71428571,0
18/07/2021,7,2021,202107,72021,8,20218,2.52,3.5575,1.03,0.4,3216.855,5.4,39.78571429,0
19/07/2021,7,2021,202107,72021,8,20218,2.53,3.61,1.03,0.4,3216.855,5.4,39.78571429,0
20/07/2021,7,2021,202107,72021,8,20218,2.53,3.61,1.03,0.4,3216.855,5.4,39.78571429,0
21/07/2021,7,2021,202107,72021,8,20218,2.53,3.61,1.03,0.4,3216.855,5.4,39.78571429,0
22/07/2021,7,2021,202107,72021,8,20218,2.53,3.61,1.03,0.4,3216.855,5.4,39.78571429,0
23/07/2021,7,2021,202107,72021,8,20218,2.53,3.61,1.03,0.4,3216.855,5.4,39.78571429,0
24/07/2021,7,2021,202107,72021,8,20218,2.53,3.61,1.03,0.4,3216.855,5.4,39.78571429,0
25/07/2021,7,2021,202107,72021,8,20218,2.53,3.61,1.03,0.4,3216.855,5.4,39.78571429,0
26/07/2021,7,2021,202107,72021,8,20218,3,3.6875,1.03,0.4,3216.855,5.4,39.78571429,0
27/07/2021,7,2021,202107,72021,8,20218,3,3.6875,1.03,0.4,3216.855,5.4,39.78571429,0
28/07/2021,7,2021,202107,72021,8,20218,3,3.6875,1.03,0.4,3216.855,5.4,39.78571429,0
29/07/2021,7,2021,202107,72021,8,20218,3,3.6875,1.03,0.4,3216.855,5.4,39.78571429,0
30/07/2021,7,2021,202107,72021,8,20218,3,3.6875,1.03,0.4,3216.855,5.4,39.78571429,0
31/07/2021,7,2021,202107,72021,8,20218,3,3.6875,1.03,0.4,3216.855,5.4,39.78571429,0
1/8/2021,8,2021,202108,82021,8,20218,3,3.6875,1.03,0.4,3216.855,5.2,39.78571429,0
2/8/2021,8,2021,202108,82021,8,20218,3.27,3.6425,1.03,0.4,3216.855,5.2,39.78571429,0
3/8/2021,8,2021,202108,82021,8,20218,3.27,3.6425,1.03,0.4,3216.855,5.2,39.78571429,0
4/8/2021,8,2021,202108,82021,8,20218,3.27,3.6425,1.03,0.4,3216.855,5.2,39.78571429,0
5/8/2021,8,2021,202108,82021,8,20218,3.27,3.6425,1.03,0.4,3216.855,5.2,39.78571429,0
6/8/2021,8,2021,202108,82021,8,20218,3.27,3.6425,1.03,0.4,3216.855,5.2,39.78571429,0
7/8/2021,8,2021,202108,82021,8,20218,3.27,3.6425,1.03,0.4,3216.855,5.2,39.78571429,0
8/8/2021,8,2021,202108,82021,8,20218,3.27,3.6425,1.03,0.4,3216.855,5.2,39.78571429,0
9/8/2021,8,2021,202108,82021,8,20218,3.29,3.5825,1.03,0.4,3216.855,5.2,39.78571429,0
10/8/2021,8,2021,202108,82021,8,20218,3.29,3.5825,1.03,0.4,3216.855,5.2,39.78571429,0
11/8/2021,8,2021,202108,82021,8,20218,3.29,3.5825,1.03,0.4,3216.855,5.2,39.78571429,0
12/8/2021,8,2021,202108,82021,8,20218,3.29,3.5825,1.03,0.4,3216.855,5.2,39.78571429,0
13/08/2021,8,2021,202108,82021,8,20218,3.29,3.5825,1.03,0.4,3216.855,5.2,39.78571429,0
14/08/2021,8,2021,202108,82021,8,20218,3.29,3.5825,1.03,0.4,3216.855,5.2,39.78571429,0
15/08/2021,8,2021,202108,82021,9,20219,3.29,3.5825,1.03,0.4,2254.576071,5.2,62.89285714,0
16/08/2021,8,2021,202108,82021,9,20219,3.28,3.5075,1.03,0.4,2254.576071,5.2,62.89285714,0
17/08/2021,8,2021,202108,82021,9,20219,3.28,3.5075,1.03,0.4,2254.576071,5.2,62.89285714,0
18/08/2021,8,2021,202108,82021,9,20219,3.28,3.5075,1.03,0.4,2254.576071,5.2,62.89285714,0
19/08/2021,8,2021,202108,82021,9,20219,3.28,3.5075,1.03,0.4,2254.576071,5.2,62.89285714,0
20/08/2021,8,2021,202108,82021,9,20219,3.28,3.5075,1.03,0.4,2254.576071,5.2,62.89285714,0
21/08/2021,8,2021,202108,82021,9,20219,3.28,3.5075,1.03,0.4,2254.576071,5.2,62.89285714,0
22/08/2021,8,2021,202108,82021,9,20219,3.28,3.5075,1.03,0.4,2254.576071,5.2,62.89285714,0
23/08/2021,8,2021,202108,82021,9,20219,2.9,3.5225,1.03,0.4,2254.576071,5.2,62.89285714,0
24/08/2021,8,2021,202108,82021,9,20219,2.9,3.5225,1.03,0.4,2254.576071,5.2,62.89285714,0
25/08/2021,8,2021,202108,82021,9,20219,2.9,3.5225,1.03,0.4,2254.576071,5.2,62.89285714,0
26/08/2021,8,2021,202108,82021,9,20219,2.9,3.5225,1.03,0.4,2254.576071,5.2,62.89285714,0
27/08/2021,8,2021,202108,82021,9,20219,2.9,3.5225,1.03,0.4,2254.576071,5.2,62.89285714,0
28/08/2021,8,2021,202108,82021,9,20219,2.9,3.5225,1.03,0.4,2254.576071,5.2,62.89285714,0
29/08/2021,8,2021,202108,82021,9,20219,2.9,3.5225,1.03,0.4,2254.576071,5.2,62.89285714,0
30/08/2021,8,2021,202108,82021,9,20219,2.73,3.515,1.03,0.4,2254.576071,5.2,62.89285714,0
31/08/2021,8,2021,202108,82021,9,20219,2.73,3.515,1.03,0.4,2254.576071,5.2,62.89285714,0
1/9/2021,9,2021,202109,92021,9,20219,2.73,3.515,1.03,0.4,2254.576071,4.8,62.89285714,0
2/9/2021,9,2021,202109,92021,9,20219,2.73,3.515,1.03,0.4,2254.576071,4.8,62.89285714,0
3/9/2021,9,2021,202109,92021,9,20219,2.73,3.515,1.03,0.4,2254.576071,4.8,62.89285714,0
4/9/2021,9,2021,202109,92021,9,20219,2.73,3.515,1.03,0.4,2254.576071,4.8,62.89285714,0
5/9/2021,9,2021,202109,92021,9,20219,2.73,3.515,1.03,0.4,2254.576071,4.8,62.89285714,0
6/9/2021,9,2021,202109,92021,9,20219,2.77,3.545,1.03,0.4,2254.576071,4.8,62.89285714,0
7/9/2021,9,2021,202109,92021,9,20219,2.77,3.545,1.03,0.4,2254.576071,4.8,62.89285714,0
8/9/2021,9,2021,202109,92021,9,20219,2.77,3.545,1.03,0.4,2254.576071,4.8,62.89285714,0
9/9/2021,9,2021,202109,92021,9,20219,2.77,3.545,1.03,0.4,2254.576071,4.8,62.89285714,0
10/9/2021,9,2021,202109,92021,9,20219,2.77,3.545,1.03,0.4,2254.576071,4.8,62.89285714,0
11/9/2021,9,2021,202109,92021,9,20219,2.77,3.545,1.03,0.4,2254.576071,4.8,62.89285714,0
12/9/2021,9,2021,202109,92021,10,202110,2.77,3.545,1.03,0.4,2354.927143,4.8,173.25,0
13/09/2021,9,2021,202109,92021,10,202110,2.77,3.5875,1.03,0.4,2354.927143,4.8,173.25,0
14/09/2021,9,2021,202109,92021,10,202110,2.77,3.5875,1.03,0.4,2354.927143,4.8,173.25,0
15/09/2021,9,2021,202109,92021,10,202110,2.77,3.5875,1.03,0.4,2354.927143,4.8,173.25,0
16/09/2021,9,2021,202109,92021,10,202110,2.77,3.5875,1.03,0.4,2354.927143,4.8,173.25,0
17/09/2021,9,2021,202109,92021,10,202110,2.77,3.5875,13.42,0.4,2354.927143,4.8,173.25,0
18/09/2021,9,2021,202109,92021,10,202110,2.77,3.5875,13.42,0.4,2354.927143,4.8,173.25,0
19/09/2021,9,2021,202109,92021,10,202110,2.77,3.5875,13.42,0.4,2354.927143,4.8,173.25,0
20/09/2021,9,2021,202109,92021,10,202110,3.08,3.645,13.42,0.4,2354.927143,4.8,173.25,0
21/09/2021,9,2021,202109,92021,10,202110,3.08,3.645,13.42,0.4,2354.927143,4.8,173.25,0
22/09/2021,9,2021,202109,92021,10,202110,3.08,3.645,13.42,0.4,2354.927143,4.8,173.25,0
23/09/2021,9,2021,202109,92021,10,202110,3.08,3.645,13.42,0.4,2354.927143,4.8,173.25,0
24/09/2021,9,2021,202109,92021,10,202110,3.08,3.645,13.42,0.4,2354.927143,4.8,173.25,0
25/09/2021,9,2021,202109,92021,10,202110,3.08,3.645,13.42,0.4,2354.927143,4.8,173.25,0
26/09/2021,9,2021,202109,92021,10,202110,3.08,3.645,13.42,0.4,2354.927143,4.8,173.25,0
27/09/2021,9,2021,202109,92021,10,202110,3.23,3.665,13.42,0.4,2354.927143,4.8,173.25,0
28/09/2021,9,2021,202109,92021,10,202110,3.23,3.665,13.42,0.4,2354.927143,4.8,173.25,0
29/09/2021,9,2021,202109,92021,10,202110,3.23,3.665,13.42,0.4,2354.927143,4.8,173.25,0
30/09/2021,9,2021,202109,92021,10,202110,3.23,3.665,13.42,0.4,2354.927143,4.8,173.25,0
1/10/2021,10,2021,202110,102021,10,202110,3.23,3.665,13.42,0.9,2354.927143,4.5,173.25,0
2/10/2021,10,2021,202110,102021,10,202110,3.23,3.665,13.42,0.9,2354.927143,4.5,173.25,0
3/10/2021,10,2021,202110,102021,10,202110,3.23,3.665,13.42,0.9,2354.927143,4.5,173.25,0
4/10/2021,10,2021,202110,102021,10,202110,3.25,3.5525,13.42,0.9,2354.927143,4.5,173.25,0
5/10/2021,10,2021,202110,102021,10,202110,3.25,3.5525,13.42,0.9,2354.927143,4.5,173.25,0
6/10/2021,10,2021,202110,102021,10,202110,3.25,3.5525,13.42,0.9,2354.927143,4.5,173.25,0
7/10/2021,10,2021,202110,102021,10,202110,3.25,3.5525,13.42,0.9,2354.927143,4.5,173.25,0
8/10/2021,10,2021,202110,102021,10,202110,3.25,3.5525,13.42,0.9,2354.927143,4.5,173.25,0
9/10/2021,10,2021,202110,102021,10,202110,3.25,3.5525,13.42,0.9,2354.927143,4.5,173.25,0
10/10/2021,10,2021,202110,102021,11,202111,3.25,3.5525,13.42,0.9,3121.180357,4.5,146.5,0
11/10/2021,10,2021,202110,102021,11,202111,3.24,3.5675,13.42,0.9,3121.180357,4.5,146.5,0
12/10/2021,10,2021,202110,102021,11,202111,3.24,3.5675,13.42,0.9,3121.180357,4.5,146.5,0
13/10/2021,10,2021,202110,102021,11,202111,3.24,3.5675,13.42,0.9,3121.180357,4.5,146.5,0
14/10/2021,10,2021,202110,102021,11,202111,3.24,3.5675,13.42,0.9,3121.180357,4.5,146.5,0
15/10/2021,10,2021,202110,102021,11,202111,3.24,3.5675,13.42,0.9,3121.180357,4.5,146.5,0
16/10/2021,10,2021,202110,102021,11,202111,3.24,3.5675,13.42,0.9,3121.180357,4.5,146.5,0
17/10/2021,10,2021,202110,102021,11,202111,3.24,3.5675,13.42,0.9,3121.180357,4.5,146.5,0
18/10/2021,10,2021,202110,102021,11,202111,3.22,3.6,13.42,0.9,3121.180357,4.5,146.5,0
19/10/2021,10,2021,202110,102021,11,202111,3.22,3.6,13.42,0.9,3121.180357,4.5,146.5,0
20/10/2021,10,2021,202110,102021,11,202111,3.22,3.6,13.42,0.9,3121.180357,4.5,146.5,0
21/10/2021,10,2021,202110,102021,11,202111,3.22,3.6,13.42,0.9,3121.180357,4.5,146.5,0
22/10/2021,10,2021,202110,102021,11,202111,3.22,3.6,13.42,0.9,3121.180357,4.5,146.5,0
23/10/2021,10,2021,202110,102021,11,202111,3.22,3.6,13.42,0.9,3121.180357,4.5,146.5,0
24/10/2021,10,2021,202110,102021,11,202111,3.22,3.6,13.42,0.9,3121.180357,4.5,146.5,0
25/10/2021,10,2021,202110,102021,11,202111,3.2,3.675,13.42,0.9,3121.180357,4.5,146.5,0
26/10/2021,10,2021,202110,102021,11,202111,3.2,3.675,13.42,0.9,3121.180357,4.5,146.5,0
27/10/2021,10,2021,202110,102021,11,202111,3.2,3.675,13.42,0.9,3121.180357,4.5,146.5,0
28/10/2021,10,2021,202110,102021,11,202111,3.2,3.675,13.42,0.9,3121.180357,4.5,146.5,0
29/10/2021,10,2021,202110,102021,11,202111,3.2,3.675,13.42,0.9,3121.180357,4.5,146.5,0
30/10/2021,10,2021,202110,102021,11,202111,3.2,3.675,13.42,0.9,3121.180357,4.5,146.5,0
31/10/2021,10,2021,202110,102021,11,202111,3.2,3.675,13.42,0.9,3121.180357,4.5,146.5,0
1/11/2021,11,2021,202111,112021,11,202111,3.22,3.6875,13.42,0.8,3121.180357,4.2,146.5,0
2/11/2021,11,2021,202111,112021,11,202111,3.22,3.6875,13.42,0.8,3121.180357,4.2,146.5,0
3/11/2021,11,2021,202111,112021,11,202111,3.22,3.6875,13.42,0.8,3121.180357,4.2,146.5,0
4/11/2021,11,2021,202111,112021,11,202111,3.22,3.6875,13.42,0.8,3121.180357,4.2,146.5,0
5/11/2021,11,2021,202111,112021,11,202111,3.22,3.6875,13.42,0.8,3121.180357,4.2,146.5,0
6/11/2021,11,2021,202111,112021,11,202111,3.22,3.6875,13.42,0.8,3121.180357,4.2,146.5,0
7/11/2021,11,2021,202111,112021,12,202112,3.22,3.6875,13.42,0.8,2787.522857,4.2,138.8928571,0
8/11/2021,11,2021,202111,112021,12,202112,3.21,3.6525,13.42,0.8,2787.522857,4.2,138.8928571,0
9/11/2021,11,2021,202111,112021,12,202112,3.21,3.6525,13.42,0.8,2787.522857,4.2,138.8928571,0
10/11/2021,11,2021,202111,112021,12,202112,3.21,3.6525,13.42,0.8,2787.522857,4.2,138.8928571,0
11/11/2021,11,2021,202111,112021,12,202112,3.21,3.6525,13.42,0.8,2787.522857,4.2,138.8928571,0
12/11/2021,11,2021,202111,112021,12,202112,3.21,3.6525,13.42,0.8,2787.522857,4.2,138.8928571,0
13/11/2021,11,2021,202111,112021,12,202112,3.21,3.6525,13.42,0.8,2787.522857,4.2,138.8928571,0
14/11/2021,11,2021,202111,112021,12,202112,3.21,3.6525,13.42,0.8,2787.522857,4.2,138.8928571,0
15/11/2021,11,2021,202111,112021,12,202112,2.99,3.6875,13.42,0.8,2787.522857,4.2,138.8928571,0
16/11/2021,11,2021,202111,112021,12,202112,2.99,3.6875,13.42,0.8,2787.522857,4.2,138.8928571,0
17/11/2021,11,2021,202111,112021,12,202112,2.99,3.6875,13.42,0.8,2787.522857,4.2,138.8928571,0
18/11/2021,11,2021,202111,112021,12,202112,2.99,3.6875,13.42,0.8,2787.522857,4.2,138.8928571,0
19/11/2021,11,2021,202111,112021,12,202112,2.99,3.6875,13.42,0.8,2787.522857,4.2,138.8928571,0
20/11/2021,11,2021,202111,112021,12,202112,2.99,3.6875,13.42,0.8,2787.522857,4.2,138.8928571,0
21/11/2021,11,2021,202111,112021,12,202112,2.99,3.6875,13.42,0.8,2787.522857,4.2,138.8928571,0
22/11/2021,11,2021,202111,112021,12,202112,2.94,3.7575,13.42,0.8,2787.522857,4.2,138.8928571,0
23/11/2021,11,2021,202111,112021,12,202112,2.94,3.7575,13.42,0.8,2787.522857,4.2,138.8928571,0
24/11/2021,11,2021,202111,112021,12,202112,2.94,3.7575,13.42,0.8,2787.522857,4.2,138.8928571,0
25/11/2021,11,2021,202111,112021,12,202112,2.94,3.7575,13.42,0.8,2787.522857,4.2,138.8928571,0
26/11/2021,11,2021,202111,112021,12,202112,2.94,3.7575,13.42,0.8,2787.522857,4.2,138.8928571,0
27/11/2021,11,2021,202111,112021,12,202112,2.94,3.7575,13.42,0.8,2787.522857,4.2,138.8928571,0
28/11/2021,11,2021,202111,112021,12,202112,2.94,3.7575,13.42,0.8,2787.522857,4.2,138.8928571,0
29/11/2021,11,2021,202111,112021,12,202112,2.93,3.5625,13.42,0.8,2787.522857,4.2,138.8928571,0
30/11/2021,11,2021,202111,112021,12,202112,2.93,3.5625,13.42,0.8,2787.522857,4.2,138.8928571,0
1/12/2021,12,2021,202112,122021,12,202112,2.93,3.5625,13.42,0.8,2787.522857,3.9,138.8928571,0
2/12/2021,12,2021,202112,122021,12,202112,2.93,3.5625,13.42,0.8,2787.522857,3.9,138.8928571,0
3/12/2021,12,2021,202112,122021,12,202112,2.93,3.5625,13.42,0.8,2787.522857,3.9,138.8928571,0
4/12/2021,12,2021,202112,122021,12,202112,2.93,3.5625,13.42,0.8,2787.522857,3.9,138.8928571,0
5/12/2021,12,2021,202112,122021,13,202113,2.93,3.5625,13.42,0.8,2724.318929,3.9,79.25,0
6/12/2021,12,2021,202112,122021,13,202113,2.94,3.5125,13.42,0.8,2724.318929,3.9,79.25,0
7/12/2021,12,2021,202112,122021,13,202113,2.94,3.5125,13.42,0.8,2724.318929,3.9,79.25,0
8/12/2021,12,2021,202112,122021,13,202113,2.94,3.5125,13.42,0.8,2724.318929,3.9,79.25,0
9/12/2021,12,2021,202112,122021,13,202113,2.94,3.5125,0.96,0.8,2724.318929,3.9,79.25,0
10/12/2021,12,2021,202112,122021,13,202113,2.94,3.5125,0.96,0.8,2724.318929,3.9,79.25,0
11/12/2021,12,2021,202112,122021,13,202113,2.94,3.5125,0.96,0.8,2724.318929,3.9,79.25,0
12/12/2021,12,2021,202112,122021,13,202113,2.94,3.5125,0.96,0.8,2724.318929,3.9,79.25,0
13/12/2021,12,2021,202112,122021,13,202113,3.23,3.5575,0.96,0.8,2724.318929,3.9,79.25,0
14/12/2021,12,2021,202112,122021,13,202113,3.23,3.5575,0.96,0.8,2724.318929,3.9,79.25,0
15/12/2021,12,2021,202112,122021,13,202113,3.23,3.5575,0.96,0.8,2724.318929,3.9,79.25,0
16/12/2021,12,2021,202112,122021,13,202113,3.23,3.5575,0.96,0.8,2724.318929,3.9,79.25,0
17/12/2021,12,2021,202112,122021,13,202113,3.23,3.5575,0.96,0.8,2724.318929,3.9,79.25,0
18/12/2021,12,2021,202112,122021,13,202113,3.23,3.5575,0.96,0.8,2724.318929,3.9,79.25,0
19/12/2021,12,2021,202112,122021,13,202113,3.23,3.5575,0.96,0.8,2724.318929,3.9,79.25,0
20/12/2021,12,2021,202112,122021,13,202113,3.39,3.6625,0.96,0.8,2724.318929,3.9,79.25,0
21/12/2021,12,2021,202112,122021,13,202113,3.39,3.6625,0.96,0.8,2724.318929,3.9,79.25,0
22/12/2021,12,2021,202112,122021,13,202113,3.39,3.6625,0.96,0.8,2724.318929,3.9,79.25,0
23/12/2021,12,2021,202112,122021,13,202113,3.39,3.6625,0.96,0.8,2724.318929,3.9,79.25,0
24/12/2021,12,2021,202112,122021,13,202113,3.39,3.6625,0.96,0.8,2724.318929,3.9,79.25,0
25/12/2021,12,2021,202112,122021,13,202113,3.39,3.6625,0.96,0.8,2724.318929,3.9,79.25,0
26/12/2021,12,2021,202112,122021,13,202113,3.39,3.6625,0.96,0.8,2724.318929,3.9,79.25,0
27/12/2021,12,2021,202112,122021,13,202113,3.38,3.5975,0.96,0.8,2724.318929,3.9,79.25,0
28/12/2021,12,2021,202112,122021,13,202113,3.38,3.5975,0.96,0.8,2724.318929,3.9,79.25,0
29/12/2021,12,2021,202112,122021,13,202113,3.38,3.5975,0.96,0.8,2724.318929,3.9,79.25,0
30/12/2021,12,2021,202112,122021,13,202113,3.38,3.5975,0.96,0.8,2724.318929,3.9,79.25,0
31/12/2021,12,2021,202112,122021,13,202113,3.38,3.5975,0.96,0.8,2724.318929,3.9,79.25,0
1/1/2022,1,2022,202201,12022,13,202213,3.38,3.5975,0.96,0.6,522.1917857,4,173.2857143,666.9571429
2/1/2022,1,2022,202201,12022,1,20221,3.38,3.5975,0.96,0.6,3121.269286,4,114.5357143,5.734285714
3/1/2022,1,2022,202201,12022,1,20221,3.25,3.6125,0.96,0.6,3121.269286,4,114.5357143,5.734285714
4/1/2022,1,2022,202201,12022,1,20221,3.25,3.6125,0.96,0.6,3121.269286,4,114.5357143,5.734285714
5/1/2022,1,2022,202201,12022,1,20221,3.25,3.6125,0.96,0.6,3121.269286,4,114.5357143,5.734285714
6/1/2022,1,2022,202201,12022,1,20221,3.25,3.6125,0.96,0.6,3121.269286,4,114.5357143,5.734285714
7/1/2022,1,2022,202201,12022,1,20221,3.25,3.6125,0.96,0.6,3121.269286,4,114.5357143,5.734285714
8/1/2022,1,2022,202201,12022,1,20221,3.25,3.6125,0.96,0.6,3121.269286,4,114.5357143,5.734285714
9/1/2022,1,2022,202201,12022,1,20221,3.25,3.6125,0.96,0.6,3121.269286,4,114.5357143,5.734285714
10/1/2022,1,2022,202201,12022,1,20221,2.88,3.6,0.96,0.6,3121.269286,4,114.5357143,5.734285714
11/1/2022,1,2022,202201,12022,1,20221,2.88,3.6,0.96,0.6,3121.269286,4,114.5357143,5.734285714
12/1/2022,1,2022,202201,12022,1,20221,2.88,3.6,0.96,0.6,3121.269286,4,114.5357143,5.734285714
13/01/2022,1,2022,202201,12022,1,20221,2.88,3.6,0.96,0.6,3121.269286,4,114.5357143,5.734285714
14/01/2022,1,2022,202201,12022,1,20221,2.88,3.6,0.96,0.6,3121.269286,4,114.5357143,5.734285714
15/01/2022,1,2022,202201,12022,1,20221,2.88,3.6,0.96,0.6,3121.269286,4,114.5357143,5.734285714
16/01/2022,1,2022,202201,12022,1,20221,2.88,3.6,0.96,0.6,3121.269286,4,114.5357143,5.734285714
17/01/2022,1,2022,202201,12022,1,20221,2.82,3.6725,0.96,0.6,3121.269286,4,114.5357143,5.734285714
18/01/2022,1,2022,202201,12022,1,20221,2.82,3.6725,0.96,0.6,3121.269286,4,114.5357143,5.734285714
19/01/2022,1,2022,202201,12022,1,20221,2.82,3.6725,0.96,0.6,3121.269286,4,114.5357143,5.734285714
20/01/2022,1,2022,202201,12022,1,20221,2.82,3.6725,0.96,0.6,3121.269286,4,114.5357143,5.734285714
21/01/2022,1,2022,202201,12022,1,20221,2.82,3.6725,0.96,0.6,3121.269286,4,114.5357143,5.734285714
22/01/2022,1,2022,202201,12022,1,20221,2.82,3.6725,0.96,0.6,3121.269286,4,114.5357143,5.734285714
23/01/2022,1,2022,202201,12022,1,20221,2.82,3.6725,0.96,0.6,3121.269286,4,114.5357143,5.734285714
24/01/2022,1,2022,202201,12022,1,20221,2.78,3.695,0.96,0.6,3121.269286,4,114.5357143,5.734285714
25/01/2022,1,2022,202201,12022,1,20221,2.78,3.695,16.83,0.6,3121.269286,4,114.5357143,5.734285714
26/01/2022,1,2022,202201,12022,1,20221,2.78,3.695,16.83,0.6,3121.269286,4,114.5357143,5.734285714
27/01/2022,1,2022,202201,12022,1,20221,2.78,3.695,16.83,0.6,3121.269286,4,114.5357143,5.734285714
28/01/2022,1,2022,202201,12022,1,20221,2.78,3.695,16.83,0.6,3121.269286,4,114.5357143,5.734285714
29/01/2022,1,2022,202201,12022,1,20221,2.78,3.695,16.83,0.6,3121.269286,4,114.5357143,5.734285714
30/01/2022,1,2022,202201,12022,2,20222,2.78,3.695,16.83,0.6,3495.882857,4,179.5,285.9814286
31/01/2022,1,2022,202201,12022,2,20222,2.82,3.75,16.83,0.6,3495.882857,4,179.5,285.9814286
1/2/2022,2,2022,202202,22022,2,20222,2.82,3.75,16.83,0.7,3495.882857,3.8,179.5,285.9814286
2/2/2022,2,2022,202202,22022,2,20222,2.82,3.75,16.83,0.7,3495.882857,3.8,179.5,285.9814286
3/2/2022,2,2022,202202,22022,2,20222,2.82,3.75,16.83,0.7,3495.882857,3.8,179.5,285.9814286
4/2/2022,2,2022,202202,22022,2,20222,2.82,3.75,16.83,0.7,3495.882857,3.8,179.5,285.9814286
5/2/2022,2,2022,202202,22022,2,20222,2.82,3.75,16.83,0.7,3495.882857,3.8,179.5,285.9814286
6/2/2022,2,2022,202202,22022,2,20222,2.82,3.75,16.83,0.7,3495.882857,3.8,179.5,285.9814286
7/2/2022,2,2022,202202,22022,2,20222,2.83,3.765,16.83,0.7,3495.882857,3.8,179.5,285.9814286
8/2/2022,2,2022,202202,22022,2,20222,2.83,3.765,16.83,0.7,3495.882857,3.8,179.5,285.9814286
9/2/2022,2,2022,202202,22022,2,20222,2.83,3.765,16.83,0.7,3495.882857,3.8,179.5,285.9814286
10/2/2022,2,2022,202202,22022,2,20222,2.83,3.765,16.83,0.7,3495.882857,3.8,179.5,285.9814286
11/2/2022,2,2022,202202,22022,2,20222,2.83,3.765,16.83,0.7,3495.882857,3.8,179.5,285.9814286
12/2/2022,2,2022,202202,22022,2,20222,2.83,3.765,16.83,0.7,3495.882857,3.8,179.5,285.9814286
13/02/2022,2,2022,202202,22022,2,20222,2.83,3.765,16.83,0.7,3495.882857,3.8,179.5,285.9814286
14/02/2022,2,2022,202202,22022,2,20222,2.84,3.8925,16.83,0.7,3495.882857,3.8,179.5,285.9814286
15/02/2022,2,2022,202202,22022,2,20222,2.84,3.8925,16.83,0.7,3495.882857,3.8,179.5,285.9814286
16/02/2022,2,2022,202202,22022,2,20222,2.84,3.8925,16.83,0.7,3495.882857,3.8,179.5,285.9814286
17/02/2022,2,2022,202202,22022,2,20222,2.84,3.8925,16.83,0.7,3495.882857,3.8,179.5,285.9814286
18/02/2022,2,2022,202202,22022,2,20222,2.84,3.8925,2.56,0.7,3495.882857,3.8,179.5,285.9814286
19/02/2022,2,2022,202202,22022,2,20222,2.84,3.8925,2.56,0.7,3495.882857,3.8,179.5,285.9814286
20/02/2022,2,2022,202202,22022,2,20222,2.84,3.8925,2.56,0.7,3495.882857,3.8,179.5,285.9814286
21/02/2022,2,2022,202202,22022,2,20222,2.83,4.08,2.56,0.7,3495.882857,3.8,179.5,285.9814286
22/02/2022,2,2022,202202,22022,2,20222,2.83,4.08,2.56,0.7,3495.882857,3.8,179.5,285.9814286
23/02/2022,2,2022,202202,22022,2,20222,2.83,4.08,2.56,0.7,3495.882857,3.8,179.5,285.9814286
24/02/2022,2,2022,202202,22022,2,20222,2.83,4.08,2.56,0.7,3495.882857,3.8,179.5,285.9814286
25/02/2022,2,2022,202202,22022,2,20222,2.83,4.08,2.56,0.7,3495.882857,3.8,179.5,285.9814286
26/02/2022,2,2022,202202,22022,2,20222,2.83,4.08,2.56,0.7,3495.882857,3.8,179.5,285.9814286
27/02/2022,2,2022,202202,22022,3,20223,2.83,4.08,2.56,0.7,2781.328929,3.8,208.8571429,241.2832143
28/02/2022,2,2022,202202,22022,3,20223,2.83,3.9725,2.56,0.7,2781.328929,3.8,208.8571429,241.2832143
1/3/2022,3,2022,202203,32022,3,20223,2.83,3.9725,2.56,1,2781.328929,3.6,208.8571429,241.2832143
2/3/2022,3,2022,202203,32022,3,20223,2.83,3.9725,2.56,1,2781.328929,3.6,208.8571429,241.2832143
3/3/2022,3,2022,202203,32022,3,20223,2.83,3.9725,2.56,1,2781.328929,3.6,208.8571429,241.2832143
4/3/2022,3,2022,202203,32022,3,20223,2.83,3.9725,2.56,1,2781.328929,3.6,208.8571429,241.2832143
5/3/2022,3,2022,202203,32022,3,20223,2.83,3.9725,2.56,1,2781.328929,3.6,208.8571429,241.2832143
6/3/2022,3,2022,202203,32022,3,20223,2.83,3.9725,2.56,1,2781.328929,3.6,208.8571429,241.2832143
7/3/2022,3,2022,202203,32022,3,20223,2.83,3.9,2.56,1,2781.328929,3.6,208.8571429,241.2832143
8/3/2022,3,2022,202203,32022,3,20223,2.83,3.9,2.56,1,2781.328929,3.6,208.8571429,241.2832143
9/3/2022,3,2022,202203,32022,3,20223,2.83,3.9,2.56,1,2781.328929,3.6,208.8571429,241.2832143
10/3/2022,3,2022,202203,32022,3,20223,2.83,3.9,2.56,1,2781.328929,3.6,208.8571429,241.2832143
11/3/2022,3,2022,202203,32022,3,20223,2.83,3.9,2.56,1,2781.328929,3.6,208.8571429,241.2832143
12/3/2022,3,2022,202203,32022,3,20223,2.83,3.9,2.56,1,2781.328929,3.6,208.8571429,241.2832143
13/03/2022,3,2022,202203,32022,3,20223,2.83,3.9,2.56,1,2781.328929,3.6,208.8571429,241.2832143
14/03/2022,3,2022,202203,32022,3,20223,2.86,4.1025,2.56,1,2781.328929,3.6,208.8571429,241.2832143
15/03/2022,3,2022,202203,32022,3,20223,2.86,4.1025,1.5,1,2781.328929,3.6,208.8571429,241.2832143
16/03/2022,3,2022,202203,32022,3,20223,2.86,4.1025,1.5,1,2781.328929,3.6,208.8571429,241.2832143
17/03/2022,3,2022,202203,32022,3,20223,2.86,4.1025,1.5,1,2781.328929,3.6,208.8571429,241.2832143
18/03/2022,3,2022,202203,32022,3,20223,2.86,4.1025,1.5,1,2781.328929,3.6,208.8571429,241.2832143
19/03/2022,3,2022,202203,32022,3,20223,2.86,4.1025,1.5,1,2781.328929,3.6,208.8571429,241.2832143
20/03/2022,3,2022,202203,32022,3,20223,2.86,4.1025,1.5,1,2781.328929,3.6,208.8571429,241.2832143
21/03/2022,3,2022,202203,32022,3,20223,2.77,4.2875,1.5,1,2781.328929,3.6,208.8571429,241.2832143
22/03/2022,3,2022,202203,32022,3,20223,2.77,4.2875,1.5,1,2781.328929,3.6,208.8571429,241.2832143
23/03/2022,3,2022,202203,32022,3,20223,2.77,4.2875,1.5,1,2781.328929,3.6,208.8571429,241.2832143
24/03/2022,3,2022,202203,32022,3,20223,2.77,4.2875,1.5,1,2781.328929,3.6,208.8571429,241.2832143
25/03/2022,3,2022,202203,32022,3,20223,2.77,4.2875,1.5,1,2781.328929,3.6,208.8571429,241.2832143
26/03/2022,3,2022,202203,32022,3,20223,2.77,4.2875,1.5,1,2781.328929,3.6,208.8571429,241.2832143
27/03/2022,3,2022,202203,32022,4,20224,2.77,4.2875,1.5,1,3640.237857,3.6,163.6785714,335.105
28/03/2022,3,2022,202203,32022,4,20224,2.79,3.855,1.5,1,3640.237857,3.6,163.6785714,335.105
29/03/2022,3,2022,202203,32022,4,20224,2.79,3.855,1.5,1,3640.237857,3.6,163.6785714,335.105
30/03/2022,3,2022,202203,32022,4,20224,2.79,3.855,1.5,1,3640.237857,3.6,163.6785714,335.105
31/03/2022,3,2022,202203,32022,4,20224,2.79,3.855,1.5,1,3640.237857,3.6,163.6785714,335.105
1/4/2022,4,2022,202204,42022,4,20224,2.79,3.855,1.5,0.4,3640.237857,3.6,163.6785714,335.105
2/4/2022,4,2022,202204,42022,4,20224,2.79,3.855,1.5,0.4,3640.237857,3.6,163.6785714,335.105
3/4/2022,4,2022,202204,42022,4,20224,2.79,3.855,1.5,0.4,3640.237857,3.6,163.6785714,335.105
4/4/2022,4,2022,202204,42022,4,20224,3.05,3.6825,1.5,0.4,3640.237857,3.6,163.6785714,335.105
5/4/2022,4,2022,202204,42022,4,20224,3.05,3.6825,1.5,0.4,3640.237857,3.6,163.6785714,335.105
6/4/2022,4,2022,202204,42022,4,20224,3.05,3.6825,1.5,0.4,3640.237857,3.6,163.6785714,335.105
7/4/2022,4,2022,202204,42022,4,20224,3.05,3.6825,1.5,0.4,3640.237857,3.6,163.6785714,335.105
8/4/2022,4,2022,202204,42022,4,20224,3.05,3.6825,1.5,0.4,3640.237857,3.6,163.6785714,335.105
9/4/2022,4,2022,202204,42022,4,20224,3.05,3.6825,1.5,0.4,3640.237857,3.6,163.6785714,335.105
10/4/2022,4,2022,202204,42022,4,20224,3.05,3.6825,1.5,0.4,3640.237857,3.6,163.6785714,335.105
11/4/2022,4,2022,202204,42022,4,20224,3.17,3.77,1.5,0.4,3640.237857,3.6,163.6785714,335.105
12/4/2022,4,2022,202204,42022,4,20224,3.17,3.77,1.5,0.4,3640.237857,3.6,163.6785714,335.105
13/04/2022,4,2022,202204,42022,4,20224,3.17,3.77,1.5,0.4,3640.237857,3.6,163.6785714,335.105
14/04/2022,4,2022,202204,42022,4,20224,3.17,3.77,1.5,0.4,3640.237857,3.6,163.6785714,335.105
15/04/2022,4,2022,202204,42022,4,20224,3.17,3.77,1.5,0.4,3640.237857,3.6,163.6785714,335.105
16/04/2022,4,2022,202204,42022,4,20224,3.17,3.77,1.5,0.4,3640.237857,3.6,163.6785714,335.105
17/04/2022,4,2022,202204,42022,4,20224,3.17,3.77,1.5,0.4,3640.237857,3.6,163.6785714,335.105
18/04/2022,4,2022,202204,42022,4,20224,3.68,4.025,1.5,0.4,3640.237857,3.6,163.6785714,335.105
19/04/2022,4,2022,202204,42022,4,20224,3.68,4.025,1.5,0.4,3640.237857,3.6,163.6785714,335.105
20/04/2022,4,2022,202204,42022,4,20224,3.68,4.025,1.5,0.4,3640.237857,3.6,163.6785714,335.105
21/04/2022,4,2022,202204,42022,4,20224,3.68,4.025,1.5,0.4,3640.237857,3.6,163.6785714,335.105
22/04/2022,4,2022,202204,42022,4,20224,3.68,4.025,1.5,0.4,3640.237857,3.6,163.6785714,335.105
23/04/2022,4,2022,202204,42022,4,20224,3.68,4.025,1.5,0.4,3640.237857,3.6,163.6785714,335.105
24/04/2022,4,2022,202204,42022,5,20225,3.68,4.025,1.5,0.4,6186.742143,3.6,88.28571429,579.595
25/04/2022,4,2022,202204,42022,5,20225,3.99,4.2525,1.5,0.4,6186.742143,3.6,88.28571429,579.595
26/04/2022,4,2022,202204,42022,5,20225,3.99,4.2525,1.5,0.4,6186.742143,3.6,88.28571429,579.595
27/04/2022,4,2022,202204,42022,5,20225,3.99,4.2525,1.5,0.4,6186.742143,3.6,88.28571429,579.595
28/04/2022,4,2022,202204,42022,5,20225,3.99,4.2525,1.5,0.4,6186.742143,3.6,88.28571429,579.595
29/04/2022,4,2022,202204,42022,5,20225,3.99,4.2525,1.5,0.4,6186.742143,3.6,88.28571429,579.595
30/04/2022,4,2022,202204,42022,5,20225,3.99,4.2525,1.5,0.4,6186.742143,3.6,88.28571429,579.595
1/5/2022,5,2022,202205,52022,5,20225,3.99,4.2525,1.5,0.9,6186.742143,3.6,88.28571429,579.595
2/5/2022,5,2022,202205,52022,5,20225,4.13,4.1875,1.5,0.9,6186.742143,3.6,88.28571429,579.595
3/5/2022,5,2022,202205,52022,5,20225,4.13,4.1875,1.5,0.9,6186.742143,3.6,88.28571429,579.595
4/5/2022,5,2022,202205,52022,5,20225,4.13,4.1875,1.5,0.9,6186.742143,3.6,88.28571429,579.595
5/5/2022,5,2022,202205,52022,5,20225,4.13,4.1875,1.5,0.9,6186.742143,3.6,88.28571429,579.595
6/5/2022,5,2022,202205,52022,5,20225,4.13,4.1875,1.5,0.9,6186.742143,3.6,88.28571429,579.595
7/5/2022,5,2022,202205,52022,5,20225,4.13,4.1875,1.5,0.9,6186.742143,3.6,88.28571429,579.595
8/5/2022,5,2022,202205,52022,5,20225,4.13,4.1875,1.5,0.9,6186.742143,3.6,88.28571429,579.595
9/5/2022,5,2022,202205,52022,5,20225,3.75,4.19,1.5,0.9,6186.742143,3.6,88.28571429,579.595
10/5/2022,5,2022,202205,52022,5,20225,3.75,4.19,1.5,0.9,6186.742143,3.6,88.28571429,579.595
11/5/2022,5,2022,202205,52022,5,20225,3.75,4.19,1.5,0.9,6186.742143,3.6,88.28571429,579.595
12/5/2022,5,2022,202205,52022,5,20225,3.75,4.19,1.5,0.9,6186.742143,3.6,88.28571429,579.595
13/05/2022,5,2022,202205,52022,5,20225,3.75,4.19,1.5,0.9,6186.742143,3.6,88.28571429,579.595
14/05/2022,5,2022,202205,52022,5,20225,3.75,4.19,1.5,0.9,6186.742143,3.6,88.28571429,579.595
15/05/2022,5,2022,202205,52022,5,20225,3.75,4.19,1.5,0.9,6186.742143,3.6,88.28571429,579.595
16/05/2022,5,2022,202205,52022,5,20225,3.28,4.1425,1.5,0.9,6186.742143,3.6,88.28571429,579.595
17/05/2022,5,2022,202205,52022,5,20225,3.28,4.1425,1.5,0.9,6186.742143,3.6,88.28571429,579.595
18/05/2022,5,2022,202205,52022,5,20225,3.28,4.1425,1.5,0.9,6186.742143,3.6,88.28571429,579.595
19/05/2022,5,2022,202205,52022,5,20225,3.28,4.1425,1.5,0.9,6186.742143,3.6,88.28571429,579.595
20/05/2022,5,2022,202205,52022,5,20225,3.28,4.1425,1.5,0.9,6186.742143,3.6,88.28571429,579.595
21/05/2022,5,2022,202205,52022,5,20225,3.28,4.1425,1.5,0.9,6186.742143,3.6,88.28571429,579.595
22/05/2022,5,2022,202205,52022,6,20226,3.28,4.1425,1.5,0.9,2540.903214,3.6,111.2142857,613.3010714
23/05/2022,5,2022,202205,52022,6,20226,3.17,4.085,1.5,0.9,2540.903214,3.6,111.2142857,613.3010714
24/05/2022,5,2022,202205,52022,6,20226,3.17,4.085,1.5,0.9,2540.903214,3.6,111.2142857,613.3010714
25/05/2022,5,2022,202205,52022,6,20226,3.17,4.085,1.5,0.9,2540.903214,3.6,111.2142857,613.3010714
26/05/2022,5,2022,202205,52022,6,20226,3.17,4.085,1.5,0.9,2540.903214,3.6,111.2142857,613.3010714
27/05/2022,5,2022,202205,52022,6,20226,3.17,4.085,1.5,0.9,2540.903214,3.6,111.2142857,613.3010714
28/05/2022,5,2022,202205,52022,6,20226,3.17,4.085,1.5,0.9,2540.903214,3.6,111.2142857,613.3010714
29/05/2022,5,2022,202205,52022,6,20226,3.17,4.085,1.5,0.9,2540.903214,3.6,111.2142857,613.3010714
30/05/2022,5,2022,202205,52022,6,20226,3.18,3.89,1.5,0.9,2540.903214,3.6,111.2142857,613.3010714
31/05/2022,5,2022,202205,52022,6,20226,3.18,3.89,1.5,0.9,2540.903214,3.6,111.2142857,613.3010714
1/6/2022,6,2022,202206,62022,6,20226,3.18,3.89,1.5,1.2,2540.903214,3.6,111.2142857,613.3010714
2/6/2022,6,2022,202206,62022,6,20226,3.18,3.89,1.5,1.2,2540.903214,3.6,111.2142857,613.3010714
3/6/2022,6,2022,202206,62022,6,20226,3.18,3.89,1.5,1.2,2540.903214,3.6,111.2142857,613.3010714
4/6/2022,6,2022,202206,62022,6,20226,3.18,3.89,1.5,1.2,2540.903214,3.6,111.2142857,613.3010714
5/6/2022,6,2022,202206,62022,6,20226,3.18,3.89,1.5,1.2,2540.903214,3.6,111.2142857,613.3010714
6/6/2022,6,2022,202206,62022,6,20226,3.93,3.855,1.5,1.2,2540.903214,3.6,111.2142857,613.3010714
7/6/2022,6,2022,202206,62022,6,20226,3.93,3.855,1.5,1.2,2540.903214,3.6,111.2142857,613.3010714
8/6/2022,6,2022,202206,62022,6,20226,3.93,3.855,1.5,1.2,2540.903214,3.6,111.2142857,613.3010714
9/6/2022,6,2022,202206,62022,6,20226,3.93,3.855,1.5,1.2,2540.903214,3.6,111.2142857,613.3010714
10/6/2022,6,2022,202206,62022,6,20226,3.93,3.855,1.5,1.2,2540.903214,3.6,111.2142857,613.3010714
11/6/2022,6,2022,202206,62022,6,20226,3.93,3.855,1.5,1.2,2540.903214,3.6,111.2142857,613.3010714
12/6/2022,6,2022,202206,62022,6,20226,3.93,3.855,1.5,1.2,2540.903214,3.6,111.2142857,613.3010714
13/06/2022,6,2022,202206,62022,6,20226,4.43,3.765,1.5,1.2,2540.903214,3.6,111.2142857,613.3010714
14/06/2022,6,2022,202206,62022,6,20226,4.43,3.765,1.5,1.2,2540.903214,3.6,111.2142857,613.3010714
15/06/2022,6,2022,202206,62022,6,20226,4.43,3.765,1.5,1.2,2540.903214,3.6,111.2142857,613.3010714
16/06/2022,6,2022,202206,62022,6,20226,4.43,3.765,1.5,1.2,2540.903214,3.6,111.2142857,613.3010714
17/06/2022,6,2022,202206,62022,6,20226,4.43,3.765,1.5,1.2,2540.903214,3.6,111.2142857,613.3010714
18/06/2022,6,2022,202206,62022,6,20226,4.43,3.765,1.5,1.2,2540.903214,3.6,111.2142857,613.3010714
19/06/2022,6,2022,202206,62022,7,20227,4.43,3.765,1.5,1.2,1123.328571,3.6,143.8928571,661.5503571
20/06/2022,6,2022,202206,62022,7,20227,4.4,3.855,1.5,1.2,1123.328571,3.6,143.8928571,661.5503571
21/06/2022,6,2022,202206,62022,7,20227,4.4,3.855,1.5,1.2,1123.328571,3.6,143.8928571,661.5503571
22/06/2022,6,2022,202206,62022,7,20227,4.4,3.855,1.5,1.2,1123.328571,3.6,143.8928571,661.5503571
23/06/2022,6,2022,202206,62022,7,20227,4.4,3.855,1.5,1.2,1123.328571,3.6,143.8928571,661.5503571
24/06/2022,6,2022,202206,62022,7,20227,4.4,3.855,1.5,1.2,1123.328571,3.6,143.8928571,661.5503571
25/06/2022,6,2022,202206,62022,7,20227,4.4,3.855,1.5,1.2,1123.328571,3.6,143.8928571,661.5503571
26/06/2022,6,2022,202206,62022,7,20227,4.4,3.855,1.5,1.2,1123.328571,3.6,143.8928571,661.5503571
27/06/2022,6,2022,202206,62022,7,20227,3.75,3.4875,1.5,1.2,1123.328571,3.6,143.8928571,661.5503571
28/06/2022,6,2022,202206,62022,7,20227,3.75,3.4875,1.5,1.2,1123.328571,3.6,143.8928571,661.5503571
29/06/2022,6,2022,202206,62022,7,20227,3.75,3.4875,1.5,1.2,1123.328571,3.6,143.8928571,661.5503571
30/06/2022,6,2022,202206,62022,7,20227,3.75,3.4875,1.5,1.2,1123.328571,3.6,143.8928571,661.5503571
1/7/2022,7,2022,202207,72022,7,20227,3.75,3.4875,1.5,0,1123.328571,3.5,143.8928571,661.5503571
2/7/2022,7,2022,202207,72022,7,20227,3.75,3.4875,1.5,0,1123.328571,3.5,143.8928571,661.5503571
3/7/2022,7,2022,202207,72022,7,20227,3.75,3.4875,1.5,0,1123.328571,3.5,143.8928571,661.5503571
4/7/2022,7,2022,202207,72022,7,20227,3.59,3.6825,1.5,0,1123.328571,3.5,143.8928571,661.5503571
5/7/2022,7,2022,202207,72022,7,20227,3.59,3.6825,1.5,0,1123.328571,3.5,143.8928571,661.5503571
6/7/2022,7,2022,202207,72022,7,20227,3.59,3.6825,1.5,0,1123.328571,3.5,143.8928571,661.5503571
7/7/2022,7,2022,202207,72022,7,20227,3.59,3.6825,1.5,0,1123.328571,3.5,143.8928571,661.5503571
8/7/2022,7,2022,202207,72022,7,20227,3.59,3.6825,1.5,0,1123.328571,3.5,143.8928571,661.5503571
9/7/2022,7,2022,202207,72022,7,20227,3.59,3.6825,1.5,0,1123.328571,3.5,143.8928571,661.5503571
10/7/2022,7,2022,202207,72022,7,20227,3.59,3.6825,1.5,0,1123.328571,3.5,143.8928571,661.5503571
11/7/2022,7,2022,202207,72022,7,20227,3.58,4.155,1.5,0,1123.328571,3.5,143.8928571,661.5503571
12/7/2022,7,2022,202207,72022,7,20227,3.58,4.155,1.5,0,1123.328571,3.5,143.8928571,661.5503571
13/07/2022,7,2022,202207,72022,7,20227,3.58,4.155,1.5,0,1123.328571,3.5,143.8928571,661.5503571
14/07/2022,7,2022,202207,72022,7,20227,3.58,4.155,1.5,0,1123.328571,3.5,143.8928571,661.5503571
15/07/2022,7,2022,202207,72022,7,20227,3.58,4.155,1.5,0,1123.328571,3.5,143.8928571,661.5503571
16/07/2022,7,2022,202207,72022,7,20227,3.58,4.155,1.5,0,1123.328571,3.5,143.8928571,661.5503571
17/07/2022,7,2022,202207,72022,8,20228,3.58,4.155,1.5,0,448.5614286,3.5,73.67857143,733.3692857
18/07/2022,7,2022,202207,72022,8,20228,3.58,4.2825,1.5,0,448.5614286,3.5,73.67857143,733.3692857
19/07/2022,7,2022,202207,72022,8,20228,3.58,4.2825,1.5,0,448.5614286,3.5,73.67857143,733.3692857
20/07/2022,7,2022,202207,72022,8,20228,3.58,4.2825,1.5,0,448.5614286,3.5,73.67857143,733.3692857
21/07/2022,7,2022,202207,72022,8,20228,3.58,4.2825,1.5,0,448.5614286,3.5,73.67857143,733.3692857
22/07/2022,7,2022,202207,72022,8,20228,3.58,4.2825,1.5,0,448.5614286,3.5,73.67857143,733.3692857
23/07/2022,7,2022,202207,72022,8,20228,3.58,4.2825,1.5,0,448.5614286,3.5,73.67857143,733.3692857
24/07/2022,7,2022,202207,72022,8,20228,3.58,4.2825,1.5,0,448.5614286,3.5,73.67857143,733.3692857
25/07/2022,7,2022,202207,72022,8,20228,4.16,4.41,1.5,0,448.5614286,3.5,73.67857143,733.3692857
26/07/2022,7,2022,202207,72022,8,20228,4.16,4.41,1.5,0,448.5614286,3.5,73.67857143,733.3692857
27/07/2022,7,2022,202207,72022,8,20228,4.16,4.41,1.5,0,448.5614286,3.5,73.67857143,733.3692857
28/07/2022,7,2022,202207,72022,8,20228,4.16,4.41,1.5,0,448.5614286,3.5,73.67857143,733.3692857
29/07/2022,7,2022,202207,72022,8,20228,4.16,4.41,1.5,0,448.5614286,3.5,73.67857143,733.3692857
30/07/2022,7,2022,202207,72022,8,20228,4.16,4.41,1.5,0,448.5614286,3.5,73.67857143,733.3692857
31/07/2022,7,2022,202207,72022,8,20228,4.16,4.41,1.5,0,448.5614286,3.5,73.67857143,733.3692857
1/8/2022,8,2022,202208,82022,8,20228,4.56,4.5125,1.5,0.2,448.5614286,3.7,73.67857143,733.3692857
2/8/2022,8,2022,202208,82022,8,20228,4.56,4.5125,1.5,0.2,448.5614286,3.7,73.67857143,733.3692857
3/8/2022,8,2022,202208,82022,8,20228,4.56,4.5125,1.5,0.2,448.5614286,3.7,73.67857143,733.3692857
4/8/2022,8,2022,202208,82022,8,20228,4.56,4.5125,1.5,0.2,448.5614286,3.7,73.67857143,733.3692857
5/8/2022,8,2022,202208,82022,8,20228,4.56,4.5125,1.5,0.2,448.5614286,3.7,73.67857143,733.3692857
6/8/2022,8,2022,202208,82022,8,20228,4.56,4.5125,1.5,0.2,448.5614286,3.7,73.67857143,733.3692857
7/8/2022,8,2022,202208,82022,8,20228,4.56,4.5125,1.5,0.2,448.5614286,3.7,73.67857143,733.3692857
8/8/2022,8,2022,202208,82022,8,20228,4.63,4.49,1.5,0.2,448.5614286,3.7,73.67857143,733.3692857
9/8/2022,8,2022,202208,82022,8,20228,4.63,4.49,1.5,0.2,448.5614286,3.7,73.67857143,733.3692857
10/8/2022,8,2022,202208,82022,8,20228,4.63,4.49,1.5,0.2,448.5614286,3.7,73.67857143,733.3692857
11/8/2022,8,2022,202208,82022,8,20228,4.63,4.49,1.85,0.2,448.5614286,3.7,73.67857143,733.3692857
12/8/2022,8,2022,202208,82022,8,20228,4.63,4.49,1.85,0.2,448.5614286,3.7,73.67857143,733.3692857
13/08/2022,8,2022,202208,82022,8,20228,4.63,4.49,1.85,0.2,448.5614286,3.7,73.67857143,733.3692857
14/08/2022,8,2022,202208,82022,9,20229,4.63,4.49,1.85,0.2,1469.501071,3.7,82.89285714,903.4032143
15/08/2022,8,2022,202208,82022,9,20229,4.65,4.37,1.85,0.2,1469.501071,3.7,82.89285714,903.4032143
16/08/2022,8,2022,202208,82022,9,20229,4.65,4.37,1.85,0.2,1469.501071,3.7,82.89285714,903.4032143
17/08/2022,8,2022,202208,82022,9,20229,4.65,4.37,1.85,0.2,1469.501071,3.7,82.89285714,903.4032143
18/08/2022,8,2022,202208,82022,9,20229,4.65,4.37,1.85,0.2,1469.501071,3.7,82.89285714,903.4032143
19/08/2022,8,2022,202208,82022,9,20229,4.65,4.37,1.85,0.2,1469.501071,3.7,82.89285714,903.4032143
20/08/2022,8,2022,202208,82022,9,20229,4.65,4.37,1.85,0.2,1469.501071,3.7,82.89285714,903.4032143
21/08/2022,8,2022,202208,82022,9,20229,4.65,4.37,1.85,0.2,1469.501071,3.7,82.89285714,903.4032143
22/08/2022,8,2022,202208,82022,9,20229,4.16,4.4675,1.85,0.2,1469.501071,3.7,82.89285714,903.4032143
23/08/2022,8,2022,202208,82022,9,20229,4.16,4.4675,1.85,0.2,1469.501071,3.7,82.89285714,903.4032143
24/08/2022,8,2022,202208,82022,9,20229,4.16,4.4675,1.85,0.2,1469.501071,3.7,82.89285714,903.4032143
25/08/2022,8,2022,202208,82022,9,20229,4.16,4.4675,1.85,0.2,1469.501071,3.7,82.89285714,903.4032143
26/08/2022,8,2022,202208,82022,9,20229,4.16,4.4675,1.85,0.2,1469.501071,3.7,82.89285714,903.4032143
27/08/2022,8,2022,202208,82022,9,20229,4.16,4.4675,1.85,0.2,1469.501071,3.7,82.89285714,903.4032143
28/08/2022,8,2022,202208,82022,9,20229,4.16,4.4675,1.85,0.2,1469.501071,3.7,82.89285714,903.4032143
29/08/2022,8,2022,202208,82022,9,20229,4.09,4.33,1.85,0.2,1469.501071,3.7,82.89285714,903.4032143
30/08/2022,8,2022,202208,82022,9,20229,4.09,4.33,1.85,0.2,1469.501071,3.7,82.89285714,903.4032143
31/08/2022,8,2022,202208,82022,9,20229,4.09,4.33,1.85,0.2,1469.501071,3.7,82.89285714,903.4032143
1/9/2022,9,2022,202209,92022,9,20229,4.09,4.33,1.85,0.4,1469.501071,3.5,82.89285714,903.4032143
2/9/2022,9,2022,202209,92022,9,20229,4.09,4.33,1.85,0.4,1469.501071,3.5,82.89285714,903.4032143
3/9/2022,9,2022,202209,92022,9,20229,4.09,4.33,1.85,0.4,1469.501071,3.5,82.89285714,903.4032143
4/9/2022,9,2022,202209,92022,9,20229,4.09,4.33,1.85,0.4,1469.501071,3.5,82.89285714,903.4032143
5/9/2022,9,2022,202209,92022,9,20229,4.06,4.3875,1.85,0.4,1469.501071,3.5,82.89285714,903.4032143
6/9/2022,9,2022,202209,92022,9,20229,4.06,4.3875,1.85,0.4,1469.501071,3.5,82.89285714,903.4032143
7/9/2022,9,2022,202209,92022,9,20229,4.06,4.3875,1.85,0.4,1469.501071,3.5,82.89285714,903.4032143
8/9/2022,9,2022,202209,92022,9,20229,4.06,4.3875,1.85,0.4,1469.501071,3.5,82.89285714,903.4032143
9/9/2022,9,2022,202209,92022,9,20229,4.06,4.3875,1.85,0.4,1469.501071,3.5,82.89285714,903.4032143
10/9/2022,9,2022,202209,92022,9,20229,4.06,4.3875,1.85,0.4,1469.501071,3.5,82.89285714,903.4032143
11/9/2022,9,2022,202209,92022,10,202210,4.06,4.3875,1.85,0.4,505.6996429,3.5,80.25,806.9853571
12/9/2022,9,2022,202209,92022,10,202210,4.12,4.66,1.85,0.4,505.6996429,3.5,80.25,806.9853571
13/09/2022,9,2022,202209,92022,10,202210,4.12,4.66,1.85,0.4,505.6996429,3.5,80.25,806.9853571
14/09/2022,9,2022,202209,92022,10,202210,4.12,4.66,1.85,0.4,505.6996429,3.5,80.25,806.9853571
15/09/2022,9,2022,202209,92022,10,202210,4.12,4.66,1.85,0.4,505.6996429,3.5,80.25,806.9853571
16/09/2022,9,2022,202209,92022,10,202210,4.12,4.66,1.85,0.4,505.6996429,3.5,80.25,806.9853571
17/09/2022,9,2022,202209,92022,10,202210,4.12,4.66,1.85,0.4,505.6996429,3.5,80.25,806.9853571
18/09/2022,9,2022,202209,92022,10,202210,4.12,4.66,1.85,0.4,505.6996429,3.5,80.25,806.9853571
19/09/2022,9,2022,202209,92022,10,202210,4.68,4.83,1.85,0.4,505.6996429,3.5,80.25,806.9853571
20/09/2022,9,2022,202209,92022,10,202210,4.68,4.83,1.85,0.4,505.6996429,3.5,80.25,806.9853571
21/09/2022,9,2022,202209,92022,10,202210,4.68,4.83,1.85,0.4,505.6996429,3.5,80.25,806.9853571
22/09/2022,9,2022,202209,92022,10,202210,4.68,4.83,1.85,0.4,505.6996429,3.5,80.25,806.9853571
23/09/2022,9,2022,202209,92022,10,202210,4.68,4.83,1.85,0.4,505.6996429,3.5,80.25,806.9853571
24/09/2022,9,2022,202209,92022,10,202210,4.68,4.83,1.85,0.4,505.6996429,3.5,80.25,806.9853571
25/09/2022,9,2022,202209,92022,10,202210,4.68,4.83,1.85,0.4,505.6996429,3.5,80.25,806.9853571
26/09/2022,9,2022,202209,92022,10,202210,5.01,4.965,1.85,0.4,505.6996429,3.5,80.25,806.9853571
27/09/2022,9,2022,202209,92022,10,202210,5.01,4.965,1.85,0.4,505.6996429,3.5,80.25,806.9853571
28/09/2022,9,2022,202209,92022,10,202210,5.01,4.965,1.85,0.4,505.6996429,3.5,80.25,806.9853571
29/09/2022,9,2022,202209,92022,10,202210,5.01,4.965,1.85,0.4,505.6996429,3.5,80.25,806.9853571
30/09/2022,9,2022,202209,92022,10,202210,5.01,4.965,1.85,0.4,505.6996429,3.5,80.25,806.9853571
1/10/2022,10,2022,202210,102022,10,202210,5.01,4.965,1.85,0.5,505.6996429,3.7,80.25,806.9853571
2/10/2022,10,2022,202210,102022,10,202210,5.01,4.965,1.85,0.5,505.6996429,3.7,80.25,806.9853571
3/10/2022,10,2022,202210,102022,10,202210,5.04,4.5325,1.85,0.5,505.6996429,3.7,80.25,806.9853571
4/10/2022,10,2022,202210,102022,10,202210,5.04,4.5325,1.85,0.5,505.6996429,3.7,80.25,806.9853571
5/10/2022,10,2022,202210,102022,10,202210,5.04,4.5325,1.85,0.5,505.6996429,3.7,80.25,806.9853571
6/10/2022,10,2022,202210,102022,10,202210,5.04,4.5325,1.85,0.5,505.6996429,3.7,80.25,806.9853571
7/10/2022,10,2022,202210,102022,10,202210,5.04,4.5325,1.85,0.5,505.6996429,3.7,80.25,806.9853571
8/10/2022,10,2022,202210,102022,10,202210,5.04,4.5325,1.85,0.5,505.6996429,3.7,80.25,806.9853571
9/10/2022,10,2022,202210,102022,11,202211,5.04,4.5325,1.85,0.5,1998.163571,3.7,56.85714286,810.1692857
10/10/2022,10,2022,202210,102022,11,202211,5.01,4.3925,1.85,0.5,1998.163571,3.7,56.85714286,810.1692857
11/10/2022,10,2022,202210,102022,11,202211,5.01,4.3925,1.85,0.5,1998.163571,3.7,56.85714286,810.1692857
12/10/2022,10,2022,202210,102022,11,202211,5.01,4.3925,1.85,0.5,1998.163571,3.7,56.85714286,810.1692857
13/10/2022,10,2022,202210,102022,11,202211,5.01,4.3925,1.85,0.5,1998.163571,3.7,56.85714286,810.1692857
14/10/2022,10,2022,202210,102022,11,202211,5.01,4.3925,1.85,0.5,1998.163571,3.7,56.85714286,810.1692857
15/10/2022,10,2022,202210,102022,11,202211,5.01,4.3925,1.85,0.5,1998.163571,3.7,56.85714286,810.1692857
16/10/2022,10,2022,202210,102022,11,202211,5.01,4.3925,1.85,0.5,1998.163571,3.7,56.85714286,810.1692857
17/10/2022,10,2022,202210,102022,11,202211,5,4.555,1.85,0.5,1998.163571,3.7,56.85714286,810.1692857
18/10/2022,10,2022,202210,102022,11,202211,5,4.555,1.85,0.5,1998.163571,3.7,56.85714286,810.1692857
19/10/2022,10,2022,202210,102022,11,202211,5,4.555,1.85,0.5,1998.163571,3.7,56.85714286,810.1692857
20/10/2022,10,2022,202210,102022,11,202211,5,4.555,1.85,0.5,1998.163571,3.7,56.85714286,810.1692857
21/10/2022,10,2022,202210,102022,11,202211,5,4.555,1.85,0.5,1998.163571,3.7,56.85714286,810.1692857
22/10/2022,10,2022,202210,102022,11,202211,5,4.555,1.85,0.5,1998.163571,3.7,56.85714286,810.1692857
23/10/2022,10,2022,202210,102022,11,202211,5,4.555,1.85,0.5,1998.163571,3.7,56.85714286,810.1692857
24/10/2022,10,2022,202210,102022,11,202211,5,4.865,1.85,0.5,1998.163571,3.7,56.85714286,810.1692857
25/10/2022,10,2022,202210,102022,11,202211,5,4.865,1.85,0.5,1998.163571,3.7,56.85714286,810.1692857
26/10/2022,10,2022,202210,102022,11,202211,5,4.865,1.85,0.5,1998.163571,3.7,56.85714286,810.1692857
27/10/2022,10,2022,202210,102022,11,202211,5,4.865,1.85,0.5,1998.163571,3.7,56.85714286,810.1692857
28/10/2022,10,2022,202210,102022,11,202211,5,4.865,1.85,0.5,1998.163571,3.7,56.85714286,810.1692857
29/10/2022,10,2022,202210,102022,11,202211,5,4.865,1.85,0.5,1998.163571,3.7,56.85714286,810.1692857
30/10/2022,10,2022,202210,102022,11,202211,5,4.865,1.85,0.5,1998.163571,3.7,56.85714286,810.1692857
31/10/2022,10,2022,202210,102022,11,202211,4.99,4.865,1.85,0.5,1998.163571,3.7,56.85714286,810.1692857
1/11/2022,11,2022,202211,112022,11,202211,4.99,4.865,4.97,0.2,1998.163571,3.6,56.85714286,810.1692857
2/11/2022,11,2022,202211,112022,11,202211,4.99,4.865,4.97,0.2,1998.163571,3.6,56.85714286,810.1692857
3/11/2022,11,2022,202211,112022,11,202211,4.99,4.865,4.97,0.2,1998.163571,3.6,56.85714286,810.1692857
4/11/2022,11,2022,202211,112022,11,202211,4.99,4.865,4.97,0.2,1998.163571,3.6,56.85714286,810.1692857
5/11/2022,11,2022,202211,112022,11,202211,4.99,4.865,4.97,0.2,1998.163571,3.6,56.85714286,810.1692857
6/11/2022,11,2022,202211,112022,12,202212,4.99,4.865,4.97,0.2,2138.915357,3.6,92.25,654.0414286
7/11/2022,11,2022,202211,112022,12,202212,4.23,5.0175,4.97,0.2,2138.915357,3.6,92.25,654.0414286
8/11/2022,11,2022,202211,112022,12,202212,4.23,5.0175,4.97,0.2,2138.915357,3.6,92.25,654.0414286
9/11/2022,11,2022,202211,112022,12,202212,4.23,5.0175,4.97,0.2,2138.915357,3.6,92.25,654.0414286
10/11/2022,11,2022,202211,112022,12,202212,4.23,5.0175,4.97,0.2,2138.915357,3.6,92.25,654.0414286
11/11/2022,11,2022,202211,112022,12,202212,4.23,5.0175,4.97,0.2,2138.915357,3.6,92.25,654.0414286
12/11/2022,11,2022,202211,112022,12,202212,4.23,5.0175,4.97,0.2,2138.915357,3.6,92.25,654.0414286
13/11/2022,11,2022,202211,112022,12,202212,4.23,5.0175,4.97,0.2,2138.915357,3.6,92.25,654.0414286
14/11/2022,11,2022,202211,112022,12,202212,4.04,4.805,4.97,0.2,2138.915357,3.6,92.25,654.0414286
15/11/2022,11,2022,202211,112022,12,202212,4.04,4.805,4.97,0.2,2138.915357,3.6,92.25,654.0414286
16/11/2022,11,2022,202211,112022,12,202212,4.04,4.805,4.97,0.2,2138.915357,3.6,92.25,654.0414286
17/11/2022,11,2022,202211,112022,12,202212,4.04,4.805,4.97,0.2,2138.915357,3.6,92.25,654.0414286
18/11/2022,11,2022,202211,112022,12,202212,4.04,4.805,4.97,0.2,2138.915357,3.6,92.25,654.0414286
19/11/2022,11,2022,202211,112022,12,202212,4.04,4.805,4.97,0.2,2138.915357,3.6,92.25,654.0414286
20/11/2022,11,2022,202211,112022,12,202212,4.04,4.805,4.97,0.2,2138.915357,3.6,92.25,654.0414286
21/11/2022,11,2022,202211,112022,12,202212,4.05,4.9325,4.97,0.2,2138.915357,3.6,92.25,654.0414286
22/11/2022,11,2022,202211,112022,12,202212,4.05,4.9325,4.97,0.2,2138.915357,3.6,92.25,654.0414286
23/11/2022,11,2022,202211,112022,12,202212,4.05,4.9325,4.97,0.2,2138.915357,3.6,92.25,654.0414286
24/11/2022,11,2022,202211,112022,12,202212,4.05,4.9325,4.97,0.2,2138.915357,3.6,92.25,654.0414286
25/11/2022,11,2022,202211,112022,12,202212,4.05,4.9325,4.97,0.2,2138.915357,3.6,92.25,654.0414286
26/11/2022,11,2022,202211,112022,12,202212,4.05,4.9325,4.97,0.2,2138.915357,3.6,92.25,654.0414286
27/11/2022,11,2022,202211,112022,12,202212,4.05,4.9325,4.97,0.2,2138.915357,3.6,92.25,654.0414286
28/11/2022,11,2022,202211,112022,12,202212,4.04,4.87,4.97,0.2,2138.915357,3.6,92.25,654.0414286
29/11/2022,11,2022,202211,112022,12,202212,4.04,4.87,4.97,0.2,2138.915357,3.6,92.25,654.0414286
30/11/2022,11,2022,202211,112022,12,202212,4.04,4.87,4.97,0.2,2138.915357,3.6,92.25,654.0414286
1/12/2022,12,2022,202212,122022,12,202212,4.04,4.87,4.97,0.1,2138.915357,3.5,92.25,654.0414286
2/12/2022,12,2022,202212,122022,12,202212,4.04,4.87,4.97,0.1,2138.915357,3.5,92.25,654.0414286
3/12/2022,12,2022,202212,122022,12,202212,4.04,4.87,4.97,0.1,2138.915357,3.5,92.25,654.0414286
4/12/2022,12,2022,202212,122022,13,202213,4.04,4.87,4.97,0.1,522.1917857,3.5,173.2857143,666.9571429
5/12/2022,12,2022,202212,122022,13,202213,4.63,4.4125,4.97,0.1,522.1917857,3.5,173.2857143,666.9571429
6/12/2022,12,2022,202212,122022,13,202213,4.63,4.4125,4.97,0.1,522.1917857,3.5,173.2857143,666.9571429
7/12/2022,12,2022,202212,122022,13,202213,4.63,4.4125,1.84,0.1,522.1917857,3.5,173.2857143,666.9571429
8/12/2022,12,2022,202212,122022,13,202213,4.63,4.4125,1.84,0.1,522.1917857,3.5,173.2857143,666.9571429
9/12/2022,12,2022,202212,122022,13,202213,4.63,4.4125,1.84,0.1,522.1917857,3.5,173.2857143,666.9571429
10/12/2022,12,2022,202212,122022,13,202213,4.63,4.4125,1.84,0.1,522.1917857,3.5,173.2857143,666.9571429
11/12/2022,12,2022,202212,122022,13,202213,4.63,4.4125,1.84,0.1,522.1917857,3.5,173.2857143,666.9571429
12/12/2022,12,2022,202212,122022,13,202213,5,4.4575,1.84,0.1,522.1917857,3.5,173.2857143,666.9571429
13/12/2022,12,2022,202212,122022,13,202213,5,4.4575,1.84,0.1,522.1917857,3.5,173.2857143,666.9571429
14/12/2022,12,2022,202212,122022,13,202213,5,4.4575,1.84,0.1,522.1917857,3.5,173.2857143,666.9571429
15/12/2022,12,2022,202212,122022,13,202213,5,4.4575,1.84,0.1,522.1917857,3.5,173.2857143,666.9571429
16/12/2022,12,2022,202212,122022,13,202213,5,4.4575,1.84,0.1,522.1917857,3.5,173.2857143,666.9571429
17/12/2022,12,2022,202212,122022,13,202213,5,4.4575,1.84,0.1,522.1917857,3.5,173.2857143,666.9571429
18/12/2022,12,2022,202212,122022,13,202213,5,4.4575,1.84,0.1,522.1917857,3.5,173.2857143,666.9571429
19/12/2022,12,2022,202212,122022,13,202213,4.99,4.915,1.84,0.1,522.1917857,3.5,173.2857143,666.9571429
20/12/2022,12,2022,202212,122022,13,202213,4.99,4.915,1.84,0.1,522.1917857,3.5,173.2857143,666.9571429
21/12/2022,12,2022,202212,122022,13,202213,4.99,4.915,1.84,0.1,522.1917857,3.5,173.2857143,666.9571429
22/12/2022,12,2022,202212,122022,13,202213,4.99,4.915,1.84,0.1,522.1917857,3.5,173.2857143,666.9571429
23/12/2022,12,2022,202212,122022,13,202213,4.99,4.915,1.84,0.1,522.1917857,3.5,173.2857143,666.9571429
24/12/2022,12,2022,202212,122022,13,202213,4.99,4.915,1.84,0.1,522.1917857,3.5,173.2857143,666.9571429
25/12/2022,12,2022,202212,122022,13,202213,4.99,4.915,1.84,0.1,522.1917857,3.5,173.2857143,666.9571429
26/12/2022,12,2022,202212,122022,13,202213,4.95,4.85,1.84,0.1,522.1917857,3.5,173.2857143,666.9571429
27/12/2022,12,2022,202212,122022,13,202213,4.95,4.85,1.84,0.1,522.1917857,3.5,173.2857143,666.9571429
28/12/2022,12,2022,202212,122022,13,202213,4.95,4.85,1.84,0.1,522.1917857,3.5,173.2857143,666.9571429
29/12/2022,12,2022,202212,122022,13,202213,4.95,4.85,1.84,0.1,522.1917857,3.5,173.2857143,666.9571429
30/12/2022,12,2022,202212,122022,13,202213,4.95,4.85,1.84,0.1,522.1917857,3.5,173.2857143,666.9571429
31/12/2022,12,2022,202212,122022,13,202213,4.95,4.85,1.84,0.1,522.1917857,3.5,173.2857143,666.9571429
1/1/2023,1,2023,202301,12023,1,20231,4.95,4.85,1.84,0.5,484.3953571,3.4,154.8214286,711.625
2/1/2023,1,2023,202301,12023,1,20231,5,4.8025,1.84,0.5,484.3953571,3.4,154.8214286,711.625
3/1/2023,1,2023,202301,12023,1,20231,5,4.8025,1.84,0.5,484.3953571,3.4,154.8214286,711.625
4/1/2023,1,2023,202301,12023,1,20231,5,4.8025,1.84,0.5,484.3953571,3.4,154.8214286,711.625
5/1/2023,1,2023,202301,12023,1,20231,5,4.8025,1.84,0.5,484.3953571,3.4,154.8214286,711.625
6/1/2023,1,2023,202301,12023,1,20231,5,4.8025,1.84,0.5,484.3953571,3.4,154.8214286,711.625
7/1/2023,1,2023,202301,12023,1,20231,5,4.8025,1.84,0.5,484.3953571,3.4,154.8214286,711.625
8/1/2023,1,2023,202301,12023,1,20231,5,4.8025,1.84,0.5,484.3953571,3.4,154.8214286,711.625
9/1/2023,1,2023,202301,12023,1,20231,4.89,4.8,1.84,0.5,484.3953571,3.4,154.8214286,711.625
10/1/2023,1,2023,202301,12023,1,20231,4.89,4.8,1.84,0.5,484.3953571,3.4,154.8214286,711.625
11/1/2023,1,2023,202301,12023,1,20231,4.89,4.8,1.84,0.5,484.3953571,3.4,154.8214286,711.625
12/1/2023,1,2023,202301,12023,1,20231,4.89,4.8,1.84,0.5,484.3953571,3.4,154.8214286,711.625
13/01/2023,1,2023,202301,12023,1,20231,4.89,4.8,1.84,0.5,484.3953571,3.4,154.8214286,711.625
14/01/2023,1,2023,202301,12023,1,20231,4.89,4.8,1.84,0.5,484.3953571,3.4,154.8214286,711.625
15/01/2023,1,2023,202301,12023,1,20231,4.89,4.8,1.84,0.5,484.3953571,3.4,154.8214286,711.625
16/01/2023,1,2023,202301,12023,1,20231,4.18,4.91,1.84,0.5,484.3953571,3.4,154.8214286,711.625
17/01/2023,1,2023,202301,12023,1,20231,4.18,4.91,1.84,0.5,484.3953571,3.4,154.8214286,711.625
18/01/2023,1,2023,202301,12023,1,20231,4.18,4.91,1.84,0.5,484.3953571,3.4,154.8214286,711.625
19/01/2023,1,2023,202301,12023,1,20231,4.18,4.91,1.84,0.5,484.3953571,3.4,154.8214286,711.625
20/01/2023,1,2023,202301,12023,1,20231,4.18,4.91,1.84,0.5,484.3953571,3.4,154.8214286,711.625
21/01/2023,1,2023,202301,12023,1,20231,4.18,4.91,1.84,0.5,484.3953571,3.4,154.8214286,711.625
22/01/2023,1,2023,202301,12023,1,20231,4.18,4.91,1.84,0.5,484.3953571,3.4,154.8214286,711.625
23/01/2023,1,2023,202301,12023,1,20231,3.96,4.685,1.84,0.5,484.3953571,3.4,154.8214286,711.625
24/01/2023,1,2023,202301,12023,1,20231,3.96,4.685,1.84,0.5,484.3953571,3.4,154.8214286,711.625
25/01/2023,1,2023,202301,12023,1,20231,3.96,4.685,1.84,0.5,484.3953571,3.4,154.8214286,711.625
26/01/2023,1,2023,202301,12023,1,20231,3.96,4.685,1.84,0.5,484.3953571,3.4,154.8214286,711.625
27/01/2023,1,2023,202301,12023,1,20231,3.96,4.685,1.84,0.5,484.3953571,3.4,154.8214286,711.625
28/01/2023,1,2023,202301,12023,1,20231,3.96,4.685,1.84,0.5,484.3953571,3.4,154.8214286,711.625
29/01/2023,1,2023,202301,12023,2,20232,3.96,4.685,1.84,0.5,1957.802857,3.4,129.3571429,641.2628571
30/01/2023,1,2023,202301,12023,2,20232,3.97,4.69,1.84,0.5,1957.802857,3.4,129.3571429,641.2628571
31/01/2023,1,2023,202301,12023,2,20232,3.97,4.69,1.84,0.5,1957.802857,3.4,129.3571429,641.2628571
1/2/2023,2,2023,202302,22023,2,20232,3.97,4.69,1.84,0.4,1957.802857,3.6,129.3571429,641.2628571
2/2/2023,2,2023,202302,22023,2,20232,3.97,4.69,1.84,0.4,1957.802857,3.6,129.3571429,641.2628571
3/2/2023,2,2023,202302,22023,2,20232,3.97,4.69,1.84,0.4,1957.802857,3.6,129.3571429,641.2628571
4/2/2023,2,2023,202302,22023,2,20232,3.97,4.69,1.84,0.4,1957.802857,3.6,129.3571429,641.2628571
5/2/2023,2,2023,202302,22023,2,20232,3.97,4.69,1.84,0.4,1957.802857,3.6,129.3571429,641.2628571
6/2/2023,2,2023,202302,22023,2,20232,3.97,4.81,1.84,0.4,1957.802857,3.6,129.3571429,641.2628571
7/2/2023,2,2023,202302,22023,2,20232,3.97,4.81,1.84,0.4,1957.802857,3.6,129.3571429,641.2628571
8/2/2023,2,2023,202302,22023,2,20232,3.97,4.81,1.84,0.4,1957.802857,3.6,129.3571429,641.2628571
9/2/2023,2,2023,202302,22023,2,20232,3.97,4.81,1.84,0.4,1957.802857,3.6,129.3571429,641.2628571
10/2/2023,2,2023,202302,22023,2,20232,3.97,4.81,1.84,0.4,1957.802857,3.6,129.3571429,641.2628571
11/2/2023,2,2023,202302,22023,2,20232,3.97,4.81,1.84,0.4,1957.802857,3.6,129.3571429,641.2628571
12/2/2023,2,2023,202302,22023,2,20232,3.97,4.81,1.84,0.4,1957.802857,3.6,129.3571429,641.2628571
13/02/2023,2,2023,202302,22023,2,20232,4.5,4.8075,1.84,0.4,1957.802857,3.6,129.3571429,641.2628571
14/02/2023,2,2023,202302,22023,2,20232,4.5,4.8075,1.84,0.4,1957.802857,3.6,129.3571429,641.2628571
15/02/2023,2,2023,202302,22023,2,20232,4.5,4.8075,1.84,0.4,1957.802857,3.6,129.3571429,641.2628571
16/02/2023,2,2023,202302,22023,2,20232,4.5,4.8075,1.84,0.4,1957.802857,3.6,129.3571429,641.2628571
17/02/2023,2,2023,202302,22023,2,20232,4.5,4.8075,1.84,0.4,1957.802857,3.6,129.3571429,641.2628571
18/02/2023,2,2023,202302,22023,2,20232,4.5,4.8075,1.84,0.4,1957.802857,3.6,129.3571429,641.2628571
19/02/2023,2,2023,202302,22023,2,20232,4.5,4.8075,1.84,0.4,1957.802857,3.6,129.3571429,641.2628571
20/02/2023,2,2023,202302,22023,2,20232,4.83,5.0025,14,0.4,1957.802857,3.6,129.3571429,641.2628571
21/02/2023,2,2023,202302,22023,2,20232,4.83,5.0025,14,0.4,1957.802857,3.6,129.3571429,641.2628571
22/02/2023,2,2023,202302,22023,2,20232,4.83,5.0025,14,0.4,1957.802857,3.6,129.3571429,641.2628571
